"ITTER107","Territorio","TIPO_DATO15","Tipo dato","ETA1","Età della madre","TIME","Seleziona periodo","Value","Flag Codes","Flags"
"IT","Italia","ASFR","tasso di fecondità specifica per età della madre","Y_UN17","fino a 17 anni","2000","2000",9.78,,
"IT","Italia","ASFR","tasso di fecondità specifica per età della madre","Y_UN17","fino a 17 anni","2001","2001",9.18,,
"IT","Italia","ASFR","tasso di fecondità specifica per età della madre","Y_UN17","fino a 17 anni","2002","2002",9.44,,
"IT","Italia","ASFR","tasso di fecondità specifica per età della madre","Y_UN17","fino a 17 anni","2003","2003",9.31,,
"IT","Italia","ASFR","tasso di fecondità specifica per età della madre","Y_UN17","fino a 17 anni","2004","2004",9.89,,
"IT","Italia","ASFR","tasso di fecondità specifica per età della madre","Y_UN17","fino a 17 anni","2005","2005",9.52,,
"IT","Italia","ASFR","tasso di fecondità specifica per età della madre","Y_UN17","fino a 17 anni","2006","2006",8.7,,
"IT","Italia","ASFR","tasso di fecondità specifica per età della madre","Y_UN17","fino a 17 anni","2007","2007",8.52,,
"IT","Italia","ASFR","tasso di fecondità specifica per età della madre","Y_UN17","fino a 17 anni","2008","2008",9.31,,
"IT","Italia","ASFR","tasso di fecondità specifica per età della madre","Y_UN17","fino a 17 anni","2009","2009",8.82,,
"IT","Italia","ASFR","tasso di fecondità specifica per età della madre","Y_UN17","fino a 17 anni","2010","2010",8.09,,
"IT","Italia","ASFR","tasso di fecondità specifica per età della madre","Y_UN17","fino a 17 anni","2011","2011",8.11,,
"IT","Italia","ASFR","tasso di fecondità specifica per età della madre","Y_UN17","fino a 17 anni","2012","2012",8,,
"IT","Italia","ASFR","tasso di fecondità specifica per età della madre","Y_UN17","fino a 17 anni","2013","2013",7.45,,
"IT","Italia","ASFR","tasso di fecondità specifica per età della madre","Y_UN17","fino a 17 anni","2014","2014",7.34,,
"IT","Italia","ASFR","tasso di fecondità specifica per età della madre","Y_UN17","fino a 17 anni","2015","2015",6.46,,
"IT","Italia","ASFR","tasso di fecondità specifica per età della madre","Y_UN17","fino a 17 anni","2016","2016",5.68,,
"IT","Italia","ASFR","tasso di fecondità specifica per età della madre","Y_UN17","fino a 17 anni","2017","2017",5.2,,
"IT","Italia","ASFR","tasso di fecondità specifica per età della madre","Y_UN17","fino a 17 anni","2018","2018",4.54,,
"IT","Italia","ASFR","tasso di fecondità specifica per età della madre","Y_UN17","fino a 17 anni","2019","2019",4.05,,
"IT","Italia","ASFR","tasso di fecondità specifica per età della madre","Y_UN17","fino a 17 anni","2020","2020",3.35,,
"IT","Italia","ASFR","tasso di fecondità specifica per età della madre","Y_UN17","fino a 17 anni","2021","2021",3.2,,
"IT","Italia","ASFR","tasso di fecondità specifica per età della madre","Y18","18 anni","2000","2000",9.61,,
"IT","Italia","ASFR","tasso di fecondità specifica per età della madre","Y18","18 anni","2001","2001",9.36,,
"IT","Italia","ASFR","tasso di fecondità specifica per età della madre","Y18","18 anni","2002","2002",10.45,,
"IT","Italia","ASFR","tasso di fecondità specifica per età della madre","Y18","18 anni","2003","2003",10,,
"IT","Italia","ASFR","tasso di fecondità specifica per età della madre","Y18","18 anni","2004","2004",10.44,,
"IT","Italia","ASFR","tasso di fecondità specifica per età della madre","Y18","18 anni","2005","2005",10.35,,
"IT","Italia","ASFR","tasso di fecondità specifica per età della madre","Y18","18 anni","2006","2006",10.07,,
"IT","Italia","ASFR","tasso di fecondità specifica per età della madre","Y18","18 anni","2007","2007",9.95,,
"IT","Italia","ASFR","tasso di fecondità specifica per età della madre","Y18","18 anni","2008","2008",10.49,,
"IT","Italia","ASFR","tasso di fecondità specifica per età della madre","Y18","18 anni","2009","2009",9.43,,
"IT","Italia","ASFR","tasso di fecondità specifica per età della madre","Y18","18 anni","2010","2010",9.16,,
"IT","Italia","ASFR","tasso di fecondità specifica per età della madre","Y18","18 anni","2011","2011",8.68,,
"IT","Italia","ASFR","tasso di fecondità specifica per età della madre","Y18","18 anni","2012","2012",8.78,,
"IT","Italia","ASFR","tasso di fecondità specifica per età della madre","Y18","18 anni","2013","2013",8.43,,
"IT","Italia","ASFR","tasso di fecondità specifica per età della madre","Y18","18 anni","2014","2014",7.97,,
"IT","Italia","ASFR","tasso di fecondità specifica per età della madre","Y18","18 anni","2015","2015",7.31,,
"IT","Italia","ASFR","tasso di fecondità specifica per età della madre","Y18","18 anni","2016","2016",6.9,,
"IT","Italia","ASFR","tasso di fecondità specifica per età della madre","Y18","18 anni","2017","2017",6.05,,
"IT","Italia","ASFR","tasso di fecondità specifica per età della madre","Y18","18 anni","2018","2018",5.56,,
"IT","Italia","ASFR","tasso di fecondità specifica per età della madre","Y18","18 anni","2019","2019",5.2,,
"IT","Italia","ASFR","tasso di fecondità specifica per età della madre","Y18","18 anni","2020","2020",4.36,,
"IT","Italia","ASFR","tasso di fecondità specifica per età della madre","Y18","18 anni","2021","2021",3.87,,
"IT","Italia","ASFR","tasso di fecondità specifica per età della madre","Y19","19 anni","2000","2000",15.39,,
"IT","Italia","ASFR","tasso di fecondità specifica per età della madre","Y19","19 anni","2001","2001",14.96,,
"IT","Italia","ASFR","tasso di fecondità specifica per età della madre","Y19","19 anni","2002","2002",15.27,,
"IT","Italia","ASFR","tasso di fecondità specifica per età della madre","Y19","19 anni","2003","2003",15.16,,
"IT","Italia","ASFR","tasso di fecondità specifica per età della madre","Y19","19 anni","2004","2004",16.42,,
"IT","Italia","ASFR","tasso di fecondità specifica per età della madre","Y19","19 anni","2005","2005",16.03,,
"IT","Italia","ASFR","tasso di fecondità specifica per età della madre","Y19","19 anni","2006","2006",16.6,,
"IT","Italia","ASFR","tasso di fecondità specifica per età della madre","Y19","19 anni","2007","2007",16.46,,
"IT","Italia","ASFR","tasso di fecondità specifica per età della madre","Y19","19 anni","2008","2008",16.98,,
"IT","Italia","ASFR","tasso di fecondità specifica per età della madre","Y19","19 anni","2009","2009",16.67,,
"IT","Italia","ASFR","tasso di fecondità specifica per età della madre","Y19","19 anni","2010","2010",15.86,,
"IT","Italia","ASFR","tasso di fecondità specifica per età della madre","Y19","19 anni","2011","2011",15.18,,
"IT","Italia","ASFR","tasso di fecondità specifica per età della madre","Y19","19 anni","2012","2012",14.81,,
"IT","Italia","ASFR","tasso di fecondità specifica per età della madre","Y19","19 anni","2013","2013",14.09,,
"IT","Italia","ASFR","tasso di fecondità specifica per età della madre","Y19","19 anni","2014","2014",13.35,,
"IT","Italia","ASFR","tasso di fecondità specifica per età della madre","Y19","19 anni","2015","2015",12.42,,
"IT","Italia","ASFR","tasso di fecondità specifica per età della madre","Y19","19 anni","2016","2016",12.14,,
"IT","Italia","ASFR","tasso di fecondità specifica per età della madre","Y19","19 anni","2017","2017",10.95,,
"IT","Italia","ASFR","tasso di fecondità specifica per età della madre","Y19","19 anni","2018","2018",10.91,,
"IT","Italia","ASFR","tasso di fecondità specifica per età della madre","Y19","19 anni","2019","2019",9.34,,
"IT","Italia","ASFR","tasso di fecondità specifica per età della madre","Y19","19 anni","2020","2020",8.59,,
"IT","Italia","ASFR","tasso di fecondità specifica per età della madre","Y19","19 anni","2021","2021",7.4,,
"IT","Italia","ASFR","tasso di fecondità specifica per età della madre","Y20","20 anni","2000","2000",20.57,,
"IT","Italia","ASFR","tasso di fecondità specifica per età della madre","Y20","20 anni","2001","2001",20.52,,
"IT","Italia","ASFR","tasso di fecondità specifica per età della madre","Y20","20 anni","2002","2002",20.17,,
"IT","Italia","ASFR","tasso di fecondità specifica per età della madre","Y20","20 anni","2003","2003",19.86,,
"IT","Italia","ASFR","tasso di fecondità specifica per età della madre","Y20","20 anni","2004","2004",22.07,,
"IT","Italia","ASFR","tasso di fecondità specifica per età della madre","Y20","20 anni","2005","2005",21.96,,
"IT","Italia","ASFR","tasso di fecondità specifica per età della madre","Y20","20 anni","2006","2006",22.35,,
"IT","Italia","ASFR","tasso di fecondità specifica per età della madre","Y20","20 anni","2007","2007",23.62,,
"IT","Italia","ASFR","tasso di fecondità specifica per età della madre","Y20","20 anni","2008","2008",23.99,,
"IT","Italia","ASFR","tasso di fecondità specifica per età della madre","Y20","20 anni","2009","2009",22.79,,
"IT","Italia","ASFR","tasso di fecondità specifica per età della madre","Y20","20 anni","2010","2010",21.42,,
"IT","Italia","ASFR","tasso di fecondità specifica per età della madre","Y20","20 anni","2011","2011",20.97,,
"IT","Italia","ASFR","tasso di fecondità specifica per età della madre","Y20","20 anni","2012","2012",20.71,,
"IT","Italia","ASFR","tasso di fecondità specifica per età della madre","Y20","20 anni","2013","2013",19.32,,
"IT","Italia","ASFR","tasso di fecondità specifica per età della madre","Y20","20 anni","2014","2014",18.88,,
"IT","Italia","ASFR","tasso di fecondità specifica per età della madre","Y20","20 anni","2015","2015",18.01,,
"IT","Italia","ASFR","tasso di fecondità specifica per età della madre","Y20","20 anni","2016","2016",16.78,,
"IT","Italia","ASFR","tasso di fecondità specifica per età della madre","Y20","20 anni","2017","2017",15.75,,
"IT","Italia","ASFR","tasso di fecondità specifica per età della madre","Y20","20 anni","2018","2018",15.13,,
"IT","Italia","ASFR","tasso di fecondità specifica per età della madre","Y20","20 anni","2019","2019",13.96,,
"IT","Italia","ASFR","tasso di fecondità specifica per età della madre","Y20","20 anni","2020","2020",12.73,,
"IT","Italia","ASFR","tasso di fecondità specifica per età della madre","Y20","20 anni","2021","2021",11.55,,
"IT","Italia","ASFR","tasso di fecondità specifica per età della madre","Y21","21 anni","2000","2000",25.97,,
"IT","Italia","ASFR","tasso di fecondità specifica per età della madre","Y21","21 anni","2001","2001",26.09,,
"IT","Italia","ASFR","tasso di fecondità specifica per età della madre","Y21","21 anni","2002","2002",25.84,,
"IT","Italia","ASFR","tasso di fecondità specifica per età della madre","Y21","21 anni","2003","2003",25.24,,
"IT","Italia","ASFR","tasso di fecondità specifica per età della madre","Y21","21 anni","2004","2004",27.76,,
"IT","Italia","ASFR","tasso di fecondità specifica per età della madre","Y21","21 anni","2005","2005",27.59,,
"IT","Italia","ASFR","tasso di fecondità specifica per età della madre","Y21","21 anni","2006","2006",27.66,,
"IT","Italia","ASFR","tasso di fecondità specifica per età della madre","Y21","21 anni","2007","2007",28.91,,
"IT","Italia","ASFR","tasso di fecondità specifica per età della madre","Y21","21 anni","2008","2008",30.55,,
"IT","Italia","ASFR","tasso di fecondità specifica per età della madre","Y21","21 anni","2009","2009",29.92,,
"IT","Italia","ASFR","tasso di fecondità specifica per età della madre","Y21","21 anni","2010","2010",28.32,,
"IT","Italia","ASFR","tasso di fecondità specifica per età della madre","Y21","21 anni","2011","2011",27.12,,
"IT","Italia","ASFR","tasso di fecondità specifica per età della madre","Y21","21 anni","2012","2012",26.38,,
"IT","Italia","ASFR","tasso di fecondità specifica per età della madre","Y21","21 anni","2013","2013",25.5,,
"IT","Italia","ASFR","tasso di fecondità specifica per età della madre","Y21","21 anni","2014","2014",24.39,,
"IT","Italia","ASFR","tasso di fecondità specifica per età della madre","Y21","21 anni","2015","2015",22.18,,
"IT","Italia","ASFR","tasso di fecondità specifica per età della madre","Y21","21 anni","2016","2016",21.82,,
"IT","Italia","ASFR","tasso di fecondità specifica per età della madre","Y21","21 anni","2017","2017",20.7,,
"IT","Italia","ASFR","tasso di fecondità specifica per età della madre","Y21","21 anni","2018","2018",19.22,,
"IT","Italia","ASFR","tasso di fecondità specifica per età della madre","Y21","21 anni","2019","2019",18.22,,
"IT","Italia","ASFR","tasso di fecondità specifica per età della madre","Y21","21 anni","2020","2020",16.99,,
"IT","Italia","ASFR","tasso di fecondità specifica per età della madre","Y21","21 anni","2021","2021",15.72,,
"IT","Italia","ASFR","tasso di fecondità specifica per età della madre","Y22","22 anni","2000","2000",32.36,,
"IT","Italia","ASFR","tasso di fecondità specifica per età della madre","Y22","22 anni","2001","2001",32.38,,
"IT","Italia","ASFR","tasso di fecondità specifica per età della madre","Y22","22 anni","2002","2002",32.26,,
"IT","Italia","ASFR","tasso di fecondità specifica per età della madre","Y22","22 anni","2003","2003",31.37,,
"IT","Italia","ASFR","tasso di fecondità specifica per età della madre","Y22","22 anni","2004","2004",34.05,,
"IT","Italia","ASFR","tasso di fecondità specifica per età della madre","Y22","22 anni","2005","2005",33.41,,
"IT","Italia","ASFR","tasso di fecondità specifica per età della madre","Y22","22 anni","2006","2006",34.01,,
"IT","Italia","ASFR","tasso di fecondità specifica per età della madre","Y22","22 anni","2007","2007",35.05,,
"IT","Italia","ASFR","tasso di fecondità specifica per età della madre","Y22","22 anni","2008","2008",35.76,,
"IT","Italia","ASFR","tasso di fecondità specifica per età della madre","Y22","22 anni","2009","2009",36.29,,
"IT","Italia","ASFR","tasso di fecondità specifica per età della madre","Y22","22 anni","2010","2010",34.96,,
"IT","Italia","ASFR","tasso di fecondità specifica per età della madre","Y22","22 anni","2011","2011",33.75,,
"IT","Italia","ASFR","tasso di fecondità specifica per età della madre","Y22","22 anni","2012","2012",33.16,,
"IT","Italia","ASFR","tasso di fecondità specifica per età della madre","Y22","22 anni","2013","2013",30.36,,
"IT","Italia","ASFR","tasso di fecondità specifica per età della madre","Y22","22 anni","2014","2014",30.04,,
"IT","Italia","ASFR","tasso di fecondità specifica per età della madre","Y22","22 anni","2015","2015",28.04,,
"IT","Italia","ASFR","tasso di fecondità specifica per età della madre","Y22","22 anni","2016","2016",26.99,,
"IT","Italia","ASFR","tasso di fecondità specifica per età della madre","Y22","22 anni","2017","2017",26.09,,
"IT","Italia","ASFR","tasso di fecondità specifica per età della madre","Y22","22 anni","2018","2018",25.12,,
"IT","Italia","ASFR","tasso di fecondità specifica per età della madre","Y22","22 anni","2019","2019",23.43,,
"IT","Italia","ASFR","tasso di fecondità specifica per età della madre","Y22","22 anni","2020","2020",22.08,,
"IT","Italia","ASFR","tasso di fecondità specifica per età della madre","Y22","22 anni","2021","2021",20.33,,
"IT","Italia","ASFR","tasso di fecondità specifica per età della madre","Y23","23 anni","2000","2000",40.06,,
"IT","Italia","ASFR","tasso di fecondità specifica per età della madre","Y23","23 anni","2001","2001",39.65,,
"IT","Italia","ASFR","tasso di fecondità specifica per età della madre","Y23","23 anni","2002","2002",40.01,,
"IT","Italia","ASFR","tasso di fecondità specifica per età della madre","Y23","23 anni","2003","2003",38.48,,
"IT","Italia","ASFR","tasso di fecondità specifica per età della madre","Y23","23 anni","2004","2004",40.67,,
"IT","Italia","ASFR","tasso di fecondità specifica per età della madre","Y23","23 anni","2005","2005",39.98,,
"IT","Italia","ASFR","tasso di fecondità specifica per età della madre","Y23","23 anni","2006","2006",40.97,,
"IT","Italia","ASFR","tasso di fecondità specifica per età della madre","Y23","23 anni","2007","2007",40.55,,
"IT","Italia","ASFR","tasso di fecondità specifica per età della madre","Y23","23 anni","2008","2008",43.02,,
"IT","Italia","ASFR","tasso di fecondità specifica per età della madre","Y23","23 anni","2009","2009",42.4,,
"IT","Italia","ASFR","tasso di fecondità specifica per età della madre","Y23","23 anni","2010","2010",41.63,,
"IT","Italia","ASFR","tasso di fecondità specifica per età della madre","Y23","23 anni","2011","2011",39.94,,
"IT","Italia","ASFR","tasso di fecondità specifica per età della madre","Y23","23 anni","2012","2012",38.95,,
"IT","Italia","ASFR","tasso di fecondità specifica per età della madre","Y23","23 anni","2013","2013",37.77,,
"IT","Italia","ASFR","tasso di fecondità specifica per età della madre","Y23","23 anni","2014","2014",35.71,,
"IT","Italia","ASFR","tasso di fecondità specifica per età della madre","Y23","23 anni","2015","2015",34.53,,
"IT","Italia","ASFR","tasso di fecondità specifica per età della madre","Y23","23 anni","2016","2016",33.37,,
"IT","Italia","ASFR","tasso di fecondità specifica per età della madre","Y23","23 anni","2017","2017",31.63,,
"IT","Italia","ASFR","tasso di fecondità specifica per età della madre","Y23","23 anni","2018","2018",29.76,,
"IT","Italia","ASFR","tasso di fecondità specifica per età della madre","Y23","23 anni","2019","2019",28.44,,
"IT","Italia","ASFR","tasso di fecondità specifica per età della madre","Y23","23 anni","2020","2020",26.73,,
"IT","Italia","ASFR","tasso di fecondità specifica per età della madre","Y23","23 anni","2021","2021",25.49,,
"IT","Italia","ASFR","tasso di fecondità specifica per età della madre","Y24","24 anni","2000","2000",48.03,,
"IT","Italia","ASFR","tasso di fecondità specifica per età della madre","Y24","24 anni","2001","2001",47.03,,
"IT","Italia","ASFR","tasso di fecondità specifica per età della madre","Y24","24 anni","2002","2002",47.26,,
"IT","Italia","ASFR","tasso di fecondità specifica per età della madre","Y24","24 anni","2003","2003",46.82,,
"IT","Italia","ASFR","tasso di fecondità specifica per età della madre","Y24","24 anni","2004","2004",48.41,,
"IT","Italia","ASFR","tasso di fecondità specifica per età della madre","Y24","24 anni","2005","2005",47.69,,
"IT","Italia","ASFR","tasso di fecondità specifica per età della madre","Y24","24 anni","2006","2006",48.57,,
"IT","Italia","ASFR","tasso di fecondità specifica per età della madre","Y24","24 anni","2007","2007",48.53,,
"IT","Italia","ASFR","tasso di fecondità specifica per età della madre","Y24","24 anni","2008","2008",50.11,,
"IT","Italia","ASFR","tasso di fecondità specifica per età della madre","Y24","24 anni","2009","2009",49.23,,
"IT","Italia","ASFR","tasso di fecondità specifica per età della madre","Y24","24 anni","2010","2010",48.99,,
"IT","Italia","ASFR","tasso di fecondità specifica per età della madre","Y24","24 anni","2011","2011",47.84,,
"IT","Italia","ASFR","tasso di fecondità specifica per età della madre","Y24","24 anni","2012","2012",47.19,,
"IT","Italia","ASFR","tasso di fecondità specifica per età della madre","Y24","24 anni","2013","2013",44.63,,
"IT","Italia","ASFR","tasso di fecondità specifica per età della madre","Y24","24 anni","2014","2014",43.85,,
"IT","Italia","ASFR","tasso di fecondità specifica per età della madre","Y24","24 anni","2015","2015",41.24,,
"IT","Italia","ASFR","tasso di fecondità specifica per età della madre","Y24","24 anni","2016","2016",39.84,,
"IT","Italia","ASFR","tasso di fecondità specifica per età della madre","Y24","24 anni","2017","2017",38.44,,
"IT","Italia","ASFR","tasso di fecondità specifica per età della madre","Y24","24 anni","2018","2018",36.88,,
"IT","Italia","ASFR","tasso di fecondità specifica per età della madre","Y24","24 anni","2019","2019",34.44,,
"IT","Italia","ASFR","tasso di fecondità specifica per età della madre","Y24","24 anni","2020","2020",33.39,,
"IT","Italia","ASFR","tasso di fecondità specifica per età della madre","Y24","24 anni","2021","2021",31.28,,
"IT","Italia","ASFR","tasso di fecondità specifica per età della madre","Y25","25 anni","2000","2000",58.27,,
"IT","Italia","ASFR","tasso di fecondità specifica per età della madre","Y25","25 anni","2001","2001",56.49,,
"IT","Italia","ASFR","tasso di fecondità specifica per età della madre","Y25","25 anni","2002","2002",56.32,,
"IT","Italia","ASFR","tasso di fecondità specifica per età della madre","Y25","25 anni","2003","2003",54.69,,
"IT","Italia","ASFR","tasso di fecondità specifica per età della madre","Y25","25 anni","2004","2004",57.7,,
"IT","Italia","ASFR","tasso di fecondità specifica per età della madre","Y25","25 anni","2005","2005",56.63,,
"IT","Italia","ASFR","tasso di fecondità specifica per età della madre","Y25","25 anni","2006","2006",57.03,,
"IT","Italia","ASFR","tasso di fecondità specifica per età della madre","Y25","25 anni","2007","2007",57.18,,
"IT","Italia","ASFR","tasso di fecondità specifica per età della madre","Y25","25 anni","2008","2008",57.78,,
"IT","Italia","ASFR","tasso di fecondità specifica per età della madre","Y25","25 anni","2009","2009",58.38,,
"IT","Italia","ASFR","tasso di fecondità specifica per età della madre","Y25","25 anni","2010","2010",56.85,,
"IT","Italia","ASFR","tasso di fecondità specifica per età della madre","Y25","25 anni","2011","2011",54.84,,
"IT","Italia","ASFR","tasso di fecondità specifica per età della madre","Y25","25 anni","2012","2012",55.85,,
"IT","Italia","ASFR","tasso di fecondità specifica per età della madre","Y25","25 anni","2013","2013",53.99,,
"IT","Italia","ASFR","tasso di fecondità specifica per età della madre","Y25","25 anni","2014","2014",51.13,,
"IT","Italia","ASFR","tasso di fecondità specifica per età della madre","Y25","25 anni","2015","2015",49.97,,
"IT","Italia","ASFR","tasso di fecondità specifica per età della madre","Y25","25 anni","2016","2016",47.87,,
"IT","Italia","ASFR","tasso di fecondità specifica per età della madre","Y25","25 anni","2017","2017",46.93,,
"IT","Italia","ASFR","tasso di fecondità specifica per età della madre","Y25","25 anni","2018","2018",44.35,,
"IT","Italia","ASFR","tasso di fecondità specifica per età della madre","Y25","25 anni","2019","2019",42.46,,
"IT","Italia","ASFR","tasso di fecondità specifica per età della madre","Y25","25 anni","2020","2020",41.03,,
"IT","Italia","ASFR","tasso di fecondità specifica per età della madre","Y25","25 anni","2021","2021",39.07,,
"IT","Italia","ASFR","tasso di fecondità specifica per età della madre","Y26","26 anni","2000","2000",67.14,,
"IT","Italia","ASFR","tasso di fecondità specifica per età della madre","Y26","26 anni","2001","2001",66.08,,
"IT","Italia","ASFR","tasso di fecondità specifica per età della madre","Y26","26 anni","2002","2002",66.04,,
"IT","Italia","ASFR","tasso di fecondità specifica per età della madre","Y26","26 anni","2003","2003",64.84,,
"IT","Italia","ASFR","tasso di fecondità specifica per età della madre","Y26","26 anni","2004","2004",66.13,,
"IT","Italia","ASFR","tasso di fecondità specifica per età della madre","Y26","26 anni","2005","2005",66.64,,
"IT","Italia","ASFR","tasso di fecondità specifica per età della madre","Y26","26 anni","2006","2006",65.84,,
"IT","Italia","ASFR","tasso di fecondità specifica per età della madre","Y26","26 anni","2007","2007",66.29,,
"IT","Italia","ASFR","tasso di fecondità specifica per età della madre","Y26","26 anni","2008","2008",67.07,,
"IT","Italia","ASFR","tasso di fecondità specifica per età della madre","Y26","26 anni","2009","2009",67.07,,
"IT","Italia","ASFR","tasso di fecondità specifica per età della madre","Y26","26 anni","2010","2010",66.44,,
"IT","Italia","ASFR","tasso di fecondità specifica per età della madre","Y26","26 anni","2011","2011",64.65,,
"IT","Italia","ASFR","tasso di fecondità specifica per età della madre","Y26","26 anni","2012","2012",64.01,,
"IT","Italia","ASFR","tasso di fecondità specifica per età della madre","Y26","26 anni","2013","2013",63.19,,
"IT","Italia","ASFR","tasso di fecondità specifica per età della madre","Y26","26 anni","2014","2014",61.34,,
"IT","Italia","ASFR","tasso di fecondità specifica per età della madre","Y26","26 anni","2015","2015",58.83,,
"IT","Italia","ASFR","tasso di fecondità specifica per età della madre","Y26","26 anni","2016","2016",57.71,,
"IT","Italia","ASFR","tasso di fecondità specifica per età della madre","Y26","26 anni","2017","2017",55.55,,
"IT","Italia","ASFR","tasso di fecondità specifica per età della madre","Y26","26 anni","2018","2018",53.79,,
"IT","Italia","ASFR","tasso di fecondità specifica per età della madre","Y26","26 anni","2019","2019",50.99,,
"IT","Italia","ASFR","tasso di fecondità specifica per età della madre","Y26","26 anni","2020","2020",49.27,,
"IT","Italia","ASFR","tasso di fecondità specifica per età della madre","Y26","26 anni","2021","2021",47.23,,
"IT","Italia","ASFR","tasso di fecondità specifica per età della madre","Y27","27 anni","2000","2000",77.42,,
"IT","Italia","ASFR","tasso di fecondità specifica per età della madre","Y27","27 anni","2001","2001",74.87,,
"IT","Italia","ASFR","tasso di fecondità specifica per età della madre","Y27","27 anni","2002","2002",75.05,,
"IT","Italia","ASFR","tasso di fecondità specifica per età della madre","Y27","27 anni","2003","2003",74.13,,
"IT","Italia","ASFR","tasso di fecondità specifica per età della madre","Y27","27 anni","2004","2004",75.5,,
"IT","Italia","ASFR","tasso di fecondità specifica per età della madre","Y27","27 anni","2005","2005",73.62,,
"IT","Italia","ASFR","tasso di fecondità specifica per età della madre","Y27","27 anni","2006","2006",76.05,,
"IT","Italia","ASFR","tasso di fecondità specifica per età della madre","Y27","27 anni","2007","2007",75.3,,
"IT","Italia","ASFR","tasso di fecondità specifica per età della madre","Y27","27 anni","2008","2008",76.8,,
"IT","Italia","ASFR","tasso di fecondità specifica per età della madre","Y27","27 anni","2009","2009",75.34,,
"IT","Italia","ASFR","tasso di fecondità specifica per età della madre","Y27","27 anni","2010","2010",75.34,,
"IT","Italia","ASFR","tasso di fecondità specifica per età della madre","Y27","27 anni","2011","2011",74.04,,
"IT","Italia","ASFR","tasso di fecondità specifica per età della madre","Y27","27 anni","2012","2012",73.5,,
"IT","Italia","ASFR","tasso di fecondità specifica per età della madre","Y27","27 anni","2013","2013",70.58,,
"IT","Italia","ASFR","tasso di fecondità specifica per età della madre","Y27","27 anni","2014","2014",71.06,,
"IT","Italia","ASFR","tasso di fecondità specifica per età della madre","Y27","27 anni","2015","2015",68.86,,
"IT","Italia","ASFR","tasso di fecondità specifica per età della madre","Y27","27 anni","2016","2016",66.02,,
"IT","Italia","ASFR","tasso di fecondità specifica per età della madre","Y27","27 anni","2017","2017",65.59,,
"IT","Italia","ASFR","tasso di fecondità specifica per età della madre","Y27","27 anni","2018","2018",62.56,,
"IT","Italia","ASFR","tasso di fecondità specifica per età della madre","Y27","27 anni","2019","2019",60.46,,
"IT","Italia","ASFR","tasso di fecondità specifica per età della madre","Y27","27 anni","2020","2020",58.35,,
"IT","Italia","ASFR","tasso di fecondità specifica per età della madre","Y27","27 anni","2021","2021",57.24,,
"IT","Italia","ASFR","tasso di fecondità specifica per età della madre","Y28","28 anni","2000","2000",86.95,,
"IT","Italia","ASFR","tasso di fecondità specifica per età della madre","Y28","28 anni","2001","2001",82.55,,
"IT","Italia","ASFR","tasso di fecondità specifica per età della madre","Y28","28 anni","2002","2002",82.33,,
"IT","Italia","ASFR","tasso di fecondità specifica per età della madre","Y28","28 anni","2003","2003",81.85,,
"IT","Italia","ASFR","tasso di fecondità specifica per età della madre","Y28","28 anni","2004","2004",84.33,,
"IT","Italia","ASFR","tasso di fecondità specifica per età della madre","Y28","28 anni","2005","2005",82.52,,
"IT","Italia","ASFR","tasso di fecondità specifica per età della madre","Y28","28 anni","2006","2006",83.58,,
"IT","Italia","ASFR","tasso di fecondità specifica per età della madre","Y28","28 anni","2007","2007",83.29,,
"IT","Italia","ASFR","tasso di fecondità specifica per età della madre","Y28","28 anni","2008","2008",85.73,,
"IT","Italia","ASFR","tasso di fecondità specifica per età della madre","Y28","28 anni","2009","2009",84.88,,
"IT","Italia","ASFR","tasso di fecondità specifica per età della madre","Y28","28 anni","2010","2010",83.98,,
"IT","Italia","ASFR","tasso di fecondità specifica per età della madre","Y28","28 anni","2011","2011",82.11,,
"IT","Italia","ASFR","tasso di fecondità specifica per età della madre","Y28","28 anni","2012","2012",81.38,,
"IT","Italia","ASFR","tasso di fecondità specifica per età della madre","Y28","28 anni","2013","2013",79.01,,
"IT","Italia","ASFR","tasso di fecondità specifica per età della madre","Y28","28 anni","2014","2014",78.39,,
"IT","Italia","ASFR","tasso di fecondità specifica per età della madre","Y28","28 anni","2015","2015",77.72,,
"IT","Italia","ASFR","tasso di fecondità specifica per età della madre","Y28","28 anni","2016","2016",76.71,,
"IT","Italia","ASFR","tasso di fecondità specifica per età della madre","Y28","28 anni","2017","2017",74.06,,
"IT","Italia","ASFR","tasso di fecondità specifica per età della madre","Y28","28 anni","2018","2018",72.17,,
"IT","Italia","ASFR","tasso di fecondità specifica per età della madre","Y28","28 anni","2019","2019",68.87,,
"IT","Italia","ASFR","tasso di fecondità specifica per età della madre","Y28","28 anni","2020","2020",67.41,,
"IT","Italia","ASFR","tasso di fecondità specifica per età della madre","Y28","28 anni","2021","2021",65.46,,
"IT","Italia","ASFR","tasso di fecondità specifica per età della madre","Y29","29 anni","2000","2000",91.2,,
"IT","Italia","ASFR","tasso di fecondità specifica per età della madre","Y29","29 anni","2001","2001",89.83,,
"IT","Italia","ASFR","tasso di fecondità specifica per età della madre","Y29","29 anni","2002","2002",89.84,,
"IT","Italia","ASFR","tasso di fecondità specifica per età della madre","Y29","29 anni","2003","2003",88.1,,
"IT","Italia","ASFR","tasso di fecondità specifica per età della madre","Y29","29 anni","2004","2004",90.15,,
"IT","Italia","ASFR","tasso di fecondità specifica per età della madre","Y29","29 anni","2005","2005",88.71,,
"IT","Italia","ASFR","tasso di fecondità specifica per età della madre","Y29","29 anni","2006","2006",89.17,,
"IT","Italia","ASFR","tasso di fecondità specifica per età della madre","Y29","29 anni","2007","2007",90.42,,
"IT","Italia","ASFR","tasso di fecondità specifica per età della madre","Y29","29 anni","2008","2008",92.64,,
"IT","Italia","ASFR","tasso di fecondità specifica per età della madre","Y29","29 anni","2009","2009",91.44,,
"IT","Italia","ASFR","tasso di fecondità specifica per età della madre","Y29","29 anni","2010","2010",92.46,,
"IT","Italia","ASFR","tasso di fecondità specifica per età della madre","Y29","29 anni","2011","2011",90.25,,
"IT","Italia","ASFR","tasso di fecondità specifica per età della madre","Y29","29 anni","2012","2012",88.51,,
"IT","Italia","ASFR","tasso di fecondità specifica per età della madre","Y29","29 anni","2013","2013",87.17,,
"IT","Italia","ASFR","tasso di fecondità specifica per età della madre","Y29","29 anni","2014","2014",87.4,,
"IT","Italia","ASFR","tasso di fecondità specifica per età della madre","Y29","29 anni","2015","2015",84.32,,
"IT","Italia","ASFR","tasso di fecondità specifica per età della madre","Y29","29 anni","2016","2016",85.14,,
"IT","Italia","ASFR","tasso di fecondità specifica per età della madre","Y29","29 anni","2017","2017",83.55,,
"IT","Italia","ASFR","tasso di fecondità specifica per età della madre","Y29","29 anni","2018","2018",79.01,,
"IT","Italia","ASFR","tasso di fecondità specifica per età della madre","Y29","29 anni","2019","2019",78.27,,
"IT","Italia","ASFR","tasso di fecondità specifica per età della madre","Y29","29 anni","2020","2020",75.76,,
"IT","Italia","ASFR","tasso di fecondità specifica per età della madre","Y29","29 anni","2021","2021",74.76,,
"IT","Italia","ASFR","tasso di fecondità specifica per età della madre","Y30","30 anni","2000","2000",94.59,,
"IT","Italia","ASFR","tasso di fecondità specifica per età della madre","Y30","30 anni","2001","2001",92.94,,
"IT","Italia","ASFR","tasso di fecondità specifica per età della madre","Y30","30 anni","2002","2002",93.55,,
"IT","Italia","ASFR","tasso di fecondità specifica per età della madre","Y30","30 anni","2003","2003",94.41,,
"IT","Italia","ASFR","tasso di fecondità specifica per età della madre","Y30","30 anni","2004","2004",94.63,,
"IT","Italia","ASFR","tasso di fecondità specifica per età della madre","Y30","30 anni","2005","2005",93.85,,
"IT","Italia","ASFR","tasso di fecondità specifica per età della madre","Y30","30 anni","2006","2006",94.16,,
"IT","Italia","ASFR","tasso di fecondità specifica per età della madre","Y30","30 anni","2007","2007",95.8,,
"IT","Italia","ASFR","tasso di fecondità specifica per età della madre","Y30","30 anni","2008","2008",96.36,,
"IT","Italia","ASFR","tasso di fecondità specifica per età della madre","Y30","30 anni","2009","2009",97.1,,
"IT","Italia","ASFR","tasso di fecondità specifica per età della madre","Y30","30 anni","2010","2010",97.49,,
"IT","Italia","ASFR","tasso di fecondità specifica per età della madre","Y30","30 anni","2011","2011",96.24,,
"IT","Italia","ASFR","tasso di fecondità specifica per età della madre","Y30","30 anni","2012","2012",95.91,,
"IT","Italia","ASFR","tasso di fecondità specifica per età della madre","Y30","30 anni","2013","2013",93.35,,
"IT","Italia","ASFR","tasso di fecondità specifica per età della madre","Y30","30 anni","2014","2014",93.58,,
"IT","Italia","ASFR","tasso di fecondità specifica per età della madre","Y30","30 anni","2015","2015",91.89,,
"IT","Italia","ASFR","tasso di fecondità specifica per età della madre","Y30","30 anni","2016","2016",90.54,,
"IT","Italia","ASFR","tasso di fecondità specifica per età della madre","Y30","30 anni","2017","2017",90.01,,
"IT","Italia","ASFR","tasso di fecondità specifica per età della madre","Y30","30 anni","2018","2018",88.49,,
"IT","Italia","ASFR","tasso di fecondità specifica per età della madre","Y30","30 anni","2019","2019",83.95,,
"IT","Italia","ASFR","tasso di fecondità specifica per età della madre","Y30","30 anni","2020","2020",83.89,,
"IT","Italia","ASFR","tasso di fecondità specifica per età della madre","Y30","30 anni","2021","2021",84.29,,
"IT","Italia","ASFR","tasso di fecondità specifica per età della madre","Y31","31 anni","2000","2000",92.11,,
"IT","Italia","ASFR","tasso di fecondità specifica per età della madre","Y31","31 anni","2001","2001",90.89,,
"IT","Italia","ASFR","tasso di fecondità specifica per età della madre","Y31","31 anni","2002","2002",93.27,,
"IT","Italia","ASFR","tasso di fecondità specifica per età della madre","Y31","31 anni","2003","2003",94.55,,
"IT","Italia","ASFR","tasso di fecondità specifica per età della madre","Y31","31 anni","2004","2004",97.15,,
"IT","Italia","ASFR","tasso di fecondità specifica per età della madre","Y31","31 anni","2005","2005",93.87,,
"IT","Italia","ASFR","tasso di fecondità specifica per età della madre","Y31","31 anni","2006","2006",96.77,,
"IT","Italia","ASFR","tasso di fecondità specifica per età della madre","Y31","31 anni","2007","2007",97.33,,
"IT","Italia","ASFR","tasso di fecondità specifica per età della madre","Y31","31 anni","2008","2008",99.21,,
"IT","Italia","ASFR","tasso di fecondità specifica per età della madre","Y31","31 anni","2009","2009",98.02,,
"IT","Italia","ASFR","tasso di fecondità specifica per età della madre","Y31","31 anni","2010","2010",99.44,,
"IT","Italia","ASFR","tasso di fecondità specifica per età della madre","Y31","31 anni","2011","2011",97.76,,
"IT","Italia","ASFR","tasso di fecondità specifica per età della madre","Y31","31 anni","2012","2012",98.18,,
"IT","Italia","ASFR","tasso di fecondità specifica per età della madre","Y31","31 anni","2013","2013",96.25,,
"IT","Italia","ASFR","tasso di fecondità specifica per età della madre","Y31","31 anni","2014","2014",95.33,,
"IT","Italia","ASFR","tasso di fecondità specifica per età della madre","Y31","31 anni","2015","2015",96.07,,
"IT","Italia","ASFR","tasso di fecondità specifica per età della madre","Y31","31 anni","2016","2016",95.92,,
"IT","Italia","ASFR","tasso di fecondità specifica per età della madre","Y31","31 anni","2017","2017",93.38,,
"IT","Italia","ASFR","tasso di fecondità specifica per età della madre","Y31","31 anni","2018","2018",91.69,,
"IT","Italia","ASFR","tasso di fecondità specifica per età della madre","Y31","31 anni","2019","2019",90.78,,
"IT","Italia","ASFR","tasso di fecondità specifica per età della madre","Y31","31 anni","2020","2020",89.64,,
"IT","Italia","ASFR","tasso di fecondità specifica per età della madre","Y31","31 anni","2021","2021",89.38,,
"IT","Italia","ASFR","tasso di fecondità specifica per età della madre","Y32","32 anni","2000","2000",89.64,,
"IT","Italia","ASFR","tasso di fecondità specifica per età della madre","Y32","32 anni","2001","2001",87.74,,
"IT","Italia","ASFR","tasso di fecondità specifica per età della madre","Y32","32 anni","2002","2002",89.61,,
"IT","Italia","ASFR","tasso di fecondità specifica per età della madre","Y32","32 anni","2003","2003",92.6,,
"IT","Italia","ASFR","tasso di fecondità specifica per età della madre","Y32","32 anni","2004","2004",94.8,,
"IT","Italia","ASFR","tasso di fecondità specifica per età della madre","Y32","32 anni","2005","2005",93.69,,
"IT","Italia","ASFR","tasso di fecondità specifica per età della madre","Y32","32 anni","2006","2006",94.82,,
"IT","Italia","ASFR","tasso di fecondità specifica per età della madre","Y32","32 anni","2007","2007",96.87,,
"IT","Italia","ASFR","tasso di fecondità specifica per età della madre","Y32","32 anni","2008","2008",99.74,,
"IT","Italia","ASFR","tasso di fecondità specifica per età della madre","Y32","32 anni","2009","2009",98.71,,
"IT","Italia","ASFR","tasso di fecondità specifica per età della madre","Y32","32 anni","2010","2010",98.88,,
"IT","Italia","ASFR","tasso di fecondità specifica per età della madre","Y32","32 anni","2011","2011",97.71,,
"IT","Italia","ASFR","tasso di fecondità specifica per età della madre","Y32","32 anni","2012","2012",97.07,,
"IT","Italia","ASFR","tasso di fecondità specifica per età della madre","Y32","32 anni","2013","2013",95.78,,
"IT","Italia","ASFR","tasso di fecondità specifica per età della madre","Y32","32 anni","2014","2014",97.17,,
"IT","Italia","ASFR","tasso di fecondità specifica per età della madre","Y32","32 anni","2015","2015",95.44,,
"IT","Italia","ASFR","tasso di fecondità specifica per età della madre","Y32","32 anni","2016","2016",95.73,,
"IT","Italia","ASFR","tasso di fecondità specifica per età della madre","Y32","32 anni","2017","2017",94.52,,
"IT","Italia","ASFR","tasso di fecondità specifica per età della madre","Y32","32 anni","2018","2018",92.29,,
"IT","Italia","ASFR","tasso di fecondità specifica per età della madre","Y32","32 anni","2019","2019",89.83,,
"IT","Italia","ASFR","tasso di fecondità specifica per età della madre","Y32","32 anni","2020","2020",91.09,,
"IT","Italia","ASFR","tasso di fecondità specifica per età della madre","Y32","32 anni","2021","2021",90.77,,
"IT","Italia","ASFR","tasso di fecondità specifica per età della madre","Y33","33 anni","2000","2000",80.11,,
"IT","Italia","ASFR","tasso di fecondità specifica per età della madre","Y33","33 anni","2001","2001",80.77,,
"IT","Italia","ASFR","tasso di fecondità specifica per età della madre","Y33","33 anni","2002","2002",82.47,,
"IT","Italia","ASFR","tasso di fecondità specifica per età della madre","Y33","33 anni","2003","2003",86.01,,
"IT","Italia","ASFR","tasso di fecondità specifica per età della madre","Y33","33 anni","2004","2004",89.26,,
"IT","Italia","ASFR","tasso di fecondità specifica per età della madre","Y33","33 anni","2005","2005",88.51,,
"IT","Italia","ASFR","tasso di fecondità specifica per età della madre","Y33","33 anni","2006","2006",91.82,,
"IT","Italia","ASFR","tasso di fecondità specifica per età della madre","Y33","33 anni","2007","2007",92.69,,
"IT","Italia","ASFR","tasso di fecondità specifica per età della madre","Y33","33 anni","2008","2008",95.23,,
"IT","Italia","ASFR","tasso di fecondità specifica per età della madre","Y33","33 anni","2009","2009",94.49,,
"IT","Italia","ASFR","tasso di fecondità specifica per età della madre","Y33","33 anni","2010","2010",94.91,,
"IT","Italia","ASFR","tasso di fecondità specifica per età della madre","Y33","33 anni","2011","2011",94.36,,
"IT","Italia","ASFR","tasso di fecondità specifica per età della madre","Y33","33 anni","2012","2012",93.89,,
"IT","Italia","ASFR","tasso di fecondità specifica per età della madre","Y33","33 anni","2013","2013",92.36,,
"IT","Italia","ASFR","tasso di fecondità specifica per età della madre","Y33","33 anni","2014","2014",93.93,,
"IT","Italia","ASFR","tasso di fecondità specifica per età della madre","Y33","33 anni","2015","2015",93.21,,
"IT","Italia","ASFR","tasso di fecondità specifica per età della madre","Y33","33 anni","2016","2016",93.75,,
"IT","Italia","ASFR","tasso di fecondità specifica per età della madre","Y33","33 anni","2017","2017",91.64,,
"IT","Italia","ASFR","tasso di fecondità specifica per età della madre","Y33","33 anni","2018","2018",90.73,,
"IT","Italia","ASFR","tasso di fecondità specifica per età della madre","Y33","33 anni","2019","2019",88.33,,
"IT","Italia","ASFR","tasso di fecondità specifica per età della madre","Y33","33 anni","2020","2020",87.5,,
"IT","Italia","ASFR","tasso di fecondità specifica per età della madre","Y33","33 anni","2021","2021",91.4,,
"IT","Italia","ASFR","tasso di fecondità specifica per età della madre","Y34","34 anni","2000","2000",71.86,,
"IT","Italia","ASFR","tasso di fecondità specifica per età della madre","Y34","34 anni","2001","2001",72.44,,
"IT","Italia","ASFR","tasso di fecondità specifica per età della madre","Y34","34 anni","2002","2002",75.31,,
"IT","Italia","ASFR","tasso di fecondità specifica per età della madre","Y34","34 anni","2003","2003",77.26,,
"IT","Italia","ASFR","tasso di fecondità specifica per età della madre","Y34","34 anni","2004","2004",81.18,,
"IT","Italia","ASFR","tasso di fecondità specifica per età della madre","Y34","34 anni","2005","2005",81.17,,
"IT","Italia","ASFR","tasso di fecondità specifica per età della madre","Y34","34 anni","2006","2006",85.14,,
"IT","Italia","ASFR","tasso di fecondità specifica per età della madre","Y34","34 anni","2007","2007",86.83,,
"IT","Italia","ASFR","tasso di fecondità specifica per età della madre","Y34","34 anni","2008","2008",88.29,,
"IT","Italia","ASFR","tasso di fecondità specifica per età della madre","Y34","34 anni","2009","2009",89.32,,
"IT","Italia","ASFR","tasso di fecondità specifica per età della madre","Y34","34 anni","2010","2010",90.06,,
"IT","Italia","ASFR","tasso di fecondità specifica per età della madre","Y34","34 anni","2011","2011",90.13,,
"IT","Italia","ASFR","tasso di fecondità specifica per età della madre","Y34","34 anni","2012","2012",89.11,,
"IT","Italia","ASFR","tasso di fecondità specifica per età della madre","Y34","34 anni","2013","2013",87.53,,
"IT","Italia","ASFR","tasso di fecondità specifica per età della madre","Y34","34 anni","2014","2014",87.91,,
"IT","Italia","ASFR","tasso di fecondità specifica per età della madre","Y34","34 anni","2015","2015",88.39,,
"IT","Italia","ASFR","tasso di fecondità specifica per età della madre","Y34","34 anni","2016","2016",89.23,,
"IT","Italia","ASFR","tasso di fecondità specifica per età della madre","Y34","34 anni","2017","2017",87.73,,
"IT","Italia","ASFR","tasso di fecondità specifica per età della madre","Y34","34 anni","2018","2018",88.3,,
"IT","Italia","ASFR","tasso di fecondità specifica per età della madre","Y34","34 anni","2019","2019",85.47,,
"IT","Italia","ASFR","tasso di fecondità specifica per età della madre","Y34","34 anni","2020","2020",84.56,,
"IT","Italia","ASFR","tasso di fecondità specifica per età della madre","Y34","34 anni","2021","2021",87.36,,
"IT","Italia","ASFR","tasso di fecondità specifica per età della madre","Y35","35 anni","2000","2000",61.57,,
"IT","Italia","ASFR","tasso di fecondità specifica per età della madre","Y35","35 anni","2001","2001",64.03,,
"IT","Italia","ASFR","tasso di fecondità specifica per età della madre","Y35","35 anni","2002","2002",65.79,,
"IT","Italia","ASFR","tasso di fecondità specifica per età della madre","Y35","35 anni","2003","2003",69.18,,
"IT","Italia","ASFR","tasso di fecondità specifica per età della madre","Y35","35 anni","2004","2004",71.14,,
"IT","Italia","ASFR","tasso di fecondità specifica per età della madre","Y35","35 anni","2005","2005",73.44,,
"IT","Italia","ASFR","tasso di fecondità specifica per età della madre","Y35","35 anni","2006","2006",76.05,,
"IT","Italia","ASFR","tasso di fecondità specifica per età della madre","Y35","35 anni","2007","2007",78.07,,
"IT","Italia","ASFR","tasso di fecondità specifica per età della madre","Y35","35 anni","2008","2008",81.24,,
"IT","Italia","ASFR","tasso di fecondità specifica per età della madre","Y35","35 anni","2009","2009",81.72,,
"IT","Italia","ASFR","tasso di fecondità specifica per età della madre","Y35","35 anni","2010","2010",82.67,,
"IT","Italia","ASFR","tasso di fecondità specifica per età della madre","Y35","35 anni","2011","2011",82.11,,
"IT","Italia","ASFR","tasso di fecondità specifica per età della madre","Y35","35 anni","2012","2012",80.99,,
"IT","Italia","ASFR","tasso di fecondità specifica per età della madre","Y35","35 anni","2013","2013",80.06,,
"IT","Italia","ASFR","tasso di fecondità specifica per età della madre","Y35","35 anni","2014","2014",81.94,,
"IT","Italia","ASFR","tasso di fecondità specifica per età della madre","Y35","35 anni","2015","2015",81.13,,
"IT","Italia","ASFR","tasso di fecondità specifica per età della madre","Y35","35 anni","2016","2016",82.28,,
"IT","Italia","ASFR","tasso di fecondità specifica per età della madre","Y35","35 anni","2017","2017",82.28,,
"IT","Italia","ASFR","tasso di fecondità specifica per età della madre","Y35","35 anni","2018","2018",80.51,,
"IT","Italia","ASFR","tasso di fecondità specifica per età della madre","Y35","35 anni","2019","2019",79.85,,
"IT","Italia","ASFR","tasso di fecondità specifica per età della madre","Y35","35 anni","2020","2020",79.92,,
"IT","Italia","ASFR","tasso di fecondità specifica per età della madre","Y35","35 anni","2021","2021",83.1,,
"IT","Italia","ASFR","tasso di fecondità specifica per età della madre","Y36","36 anni","2000","2000",51.1,,
"IT","Italia","ASFR","tasso di fecondità specifica per età della madre","Y36","36 anni","2001","2001",53.23,,
"IT","Italia","ASFR","tasso di fecondità specifica per età della madre","Y36","36 anni","2002","2002",54.69,,
"IT","Italia","ASFR","tasso di fecondità specifica per età della madre","Y36","36 anni","2003","2003",57.93,,
"IT","Italia","ASFR","tasso di fecondità specifica per età della madre","Y36","36 anni","2004","2004",62.01,,
"IT","Italia","ASFR","tasso di fecondità specifica per età della madre","Y36","36 anni","2005","2005",61.25,,
"IT","Italia","ASFR","tasso di fecondità specifica per età della madre","Y36","36 anni","2006","2006",65.24,,
"IT","Italia","ASFR","tasso di fecondità specifica per età della madre","Y36","36 anni","2007","2007",67.9,,
"IT","Italia","ASFR","tasso di fecondità specifica per età della madre","Y36","36 anni","2008","2008",71.36,,
"IT","Italia","ASFR","tasso di fecondità specifica per età della madre","Y36","36 anni","2009","2009",71.69,,
"IT","Italia","ASFR","tasso di fecondità specifica per età della madre","Y36","36 anni","2010","2010",72.87,,
"IT","Italia","ASFR","tasso di fecondità specifica per età della madre","Y36","36 anni","2011","2011",73.38,,
"IT","Italia","ASFR","tasso di fecondità specifica per età della madre","Y36","36 anni","2012","2012",72.04,,
"IT","Italia","ASFR","tasso di fecondità specifica per età della madre","Y36","36 anni","2013","2013",71.14,,
"IT","Italia","ASFR","tasso di fecondità specifica per età della madre","Y36","36 anni","2014","2014",70.88,,
"IT","Italia","ASFR","tasso di fecondità specifica per età della madre","Y36","36 anni","2015","2015",72.53,,
"IT","Italia","ASFR","tasso di fecondità specifica per età della madre","Y36","36 anni","2016","2016",72.78,,
"IT","Italia","ASFR","tasso di fecondità specifica per età della madre","Y36","36 anni","2017","2017",73.14,,
"IT","Italia","ASFR","tasso di fecondità specifica per età della madre","Y36","36 anni","2018","2018",72.44,,
"IT","Italia","ASFR","tasso di fecondità specifica per età della madre","Y36","36 anni","2019","2019",71.36,,
"IT","Italia","ASFR","tasso di fecondità specifica per età della madre","Y36","36 anni","2020","2020",70.63,,
"IT","Italia","ASFR","tasso di fecondità specifica per età della madre","Y36","36 anni","2021","2021",75.15,,
"IT","Italia","ASFR","tasso di fecondità specifica per età della madre","Y37","37 anni","2000","2000",39.94,,
"IT","Italia","ASFR","tasso di fecondità specifica per età della madre","Y37","37 anni","2001","2001",42.17,,
"IT","Italia","ASFR","tasso di fecondità specifica per età della madre","Y37","37 anni","2002","2002",43.74,,
"IT","Italia","ASFR","tasso di fecondità specifica per età della madre","Y37","37 anni","2003","2003",46.95,,
"IT","Italia","ASFR","tasso di fecondità specifica per età della madre","Y37","37 anni","2004","2004",49.14,,
"IT","Italia","ASFR","tasso di fecondità specifica per età della madre","Y37","37 anni","2005","2005",50.6,,
"IT","Italia","ASFR","tasso di fecondità specifica per età della madre","Y37","37 anni","2006","2006",52.59,,
"IT","Italia","ASFR","tasso di fecondità specifica per età della madre","Y37","37 anni","2007","2007",54.67,,
"IT","Italia","ASFR","tasso di fecondità specifica per età della madre","Y37","37 anni","2008","2008",58.54,,
"IT","Italia","ASFR","tasso di fecondità specifica per età della madre","Y37","37 anni","2009","2009",59.69,,
"IT","Italia","ASFR","tasso di fecondità specifica per età della madre","Y37","37 anni","2010","2010",60.85,,
"IT","Italia","ASFR","tasso di fecondità specifica per età della madre","Y37","37 anni","2011","2011",61.2,,
"IT","Italia","ASFR","tasso di fecondità specifica per età della madre","Y37","37 anni","2012","2012",61.81,,
"IT","Italia","ASFR","tasso di fecondità specifica per età della madre","Y37","37 anni","2013","2013",60.73,,
"IT","Italia","ASFR","tasso di fecondità specifica per età della madre","Y37","37 anni","2014","2014",60.77,,
"IT","Italia","ASFR","tasso di fecondità specifica per età della madre","Y37","37 anni","2015","2015",60.97,,
"IT","Italia","ASFR","tasso di fecondità specifica per età della madre","Y37","37 anni","2016","2016",61.85,,
"IT","Italia","ASFR","tasso di fecondità specifica per età della madre","Y37","37 anni","2017","2017",62.37,,
"IT","Italia","ASFR","tasso di fecondità specifica per età della madre","Y37","37 anni","2018","2018",61.33,,
"IT","Italia","ASFR","tasso di fecondità specifica per età della madre","Y37","37 anni","2019","2019",61.24,,
"IT","Italia","ASFR","tasso di fecondità specifica per età della madre","Y37","37 anni","2020","2020",59.82,,
"IT","Italia","ASFR","tasso di fecondità specifica per età della madre","Y37","37 anni","2021","2021",63.34,,
"IT","Italia","ASFR","tasso di fecondità specifica per età della madre","Y38","38 anni","2000","2000",29.97,,
"IT","Italia","ASFR","tasso di fecondità specifica per età della madre","Y38","38 anni","2001","2001",31.55,,
"IT","Italia","ASFR","tasso di fecondità specifica per età della madre","Y38","38 anni","2002","2002",33.27,,
"IT","Italia","ASFR","tasso di fecondità specifica per età della madre","Y38","38 anni","2003","2003",35.77,,
"IT","Italia","ASFR","tasso di fecondità specifica per età della madre","Y38","38 anni","2004","2004",38.13,,
"IT","Italia","ASFR","tasso di fecondità specifica per età della madre","Y38","38 anni","2005","2005",39.08,,
"IT","Italia","ASFR","tasso di fecondità specifica per età della madre","Y38","38 anni","2006","2006",41.47,,
"IT","Italia","ASFR","tasso di fecondità specifica per età della madre","Y38","38 anni","2007","2007",43.82,,
"IT","Italia","ASFR","tasso di fecondità specifica per età della madre","Y38","38 anni","2008","2008",46.8,,
"IT","Italia","ASFR","tasso di fecondità specifica per età della madre","Y38","38 anni","2009","2009",47.28,,
"IT","Italia","ASFR","tasso di fecondità specifica per età della madre","Y38","38 anni","2010","2010",49.21,,
"IT","Italia","ASFR","tasso di fecondità specifica per età della madre","Y38","38 anni","2011","2011",49.37,,
"IT","Italia","ASFR","tasso di fecondità specifica per età della madre","Y38","38 anni","2012","2012",49.57,,
"IT","Italia","ASFR","tasso di fecondità specifica per età della madre","Y38","38 anni","2013","2013",49.43,,
"IT","Italia","ASFR","tasso di fecondità specifica per età della madre","Y38","38 anni","2014","2014",49.48,,
"IT","Italia","ASFR","tasso di fecondità specifica per età della madre","Y38","38 anni","2015","2015",50.87,,
"IT","Italia","ASFR","tasso di fecondità specifica per età della madre","Y38","38 anni","2016","2016",50.59,,
"IT","Italia","ASFR","tasso di fecondità specifica per età della madre","Y38","38 anni","2017","2017",51.22,,
"IT","Italia","ASFR","tasso di fecondità specifica per età della madre","Y38","38 anni","2018","2018",50.26,,
"IT","Italia","ASFR","tasso di fecondità specifica per età della madre","Y38","38 anni","2019","2019",49.54,,
"IT","Italia","ASFR","tasso di fecondità specifica per età della madre","Y38","38 anni","2020","2020",49.69,,
"IT","Italia","ASFR","tasso di fecondità specifica per età della madre","Y38","38 anni","2021","2021",52.78,,
"IT","Italia","ASFR","tasso di fecondità specifica per età della madre","Y39","39 anni","2000","2000",22.44,,
"IT","Italia","ASFR","tasso di fecondità specifica per età della madre","Y39","39 anni","2001","2001",23.91,,
"IT","Italia","ASFR","tasso di fecondità specifica per età della madre","Y39","39 anni","2002","2002",24.82,,
"IT","Italia","ASFR","tasso di fecondità specifica per età della madre","Y39","39 anni","2003","2003",26.62,,
"IT","Italia","ASFR","tasso di fecondità specifica per età della madre","Y39","39 anni","2004","2004",29.13,,
"IT","Italia","ASFR","tasso di fecondità specifica per età della madre","Y39","39 anni","2005","2005",30.07,,
"IT","Italia","ASFR","tasso di fecondità specifica per età della madre","Y39","39 anni","2006","2006",31.75,,
"IT","Italia","ASFR","tasso di fecondità specifica per età della madre","Y39","39 anni","2007","2007",33.39,,
"IT","Italia","ASFR","tasso di fecondità specifica per età della madre","Y39","39 anni","2008","2008",35.29,,
"IT","Italia","ASFR","tasso di fecondità specifica per età della madre","Y39","39 anni","2009","2009",36.47,,
"IT","Italia","ASFR","tasso di fecondità specifica per età della madre","Y39","39 anni","2010","2010",37.92,,
"IT","Italia","ASFR","tasso di fecondità specifica per età della madre","Y39","39 anni","2011","2011",38.31,,
"IT","Italia","ASFR","tasso di fecondità specifica per età della madre","Y39","39 anni","2012","2012",39.01,,
"IT","Italia","ASFR","tasso di fecondità specifica per età della madre","Y39","39 anni","2013","2013",39.19,,
"IT","Italia","ASFR","tasso di fecondità specifica per età della madre","Y39","39 anni","2014","2014",39.8,,
"IT","Italia","ASFR","tasso di fecondità specifica per età della madre","Y39","39 anni","2015","2015",39.89,,
"IT","Italia","ASFR","tasso di fecondità specifica per età della madre","Y39","39 anni","2016","2016",40.23,,
"IT","Italia","ASFR","tasso di fecondità specifica per età della madre","Y39","39 anni","2017","2017",41.14,,
"IT","Italia","ASFR","tasso di fecondità specifica per età della madre","Y39","39 anni","2018","2018",40.6,,
"IT","Italia","ASFR","tasso di fecondità specifica per età della madre","Y39","39 anni","2019","2019",40.01,,
"IT","Italia","ASFR","tasso di fecondità specifica per età della madre","Y39","39 anni","2020","2020",39.82,,
"IT","Italia","ASFR","tasso di fecondità specifica per età della madre","Y39","39 anni","2021","2021",42.23,,
"IT","Italia","ASFR","tasso di fecondità specifica per età della madre","Y40","40 anni","2000","2000",16.27,,
"IT","Italia","ASFR","tasso di fecondità specifica per età della madre","Y40","40 anni","2001","2001",16.55,,
"IT","Italia","ASFR","tasso di fecondità specifica per età della madre","Y40","40 anni","2002","2002",17.82,,
"IT","Italia","ASFR","tasso di fecondità specifica per età della madre","Y40","40 anni","2003","2003",18.96,,
"IT","Italia","ASFR","tasso di fecondità specifica per età della madre","Y40","40 anni","2004","2004",20.41,,
"IT","Italia","ASFR","tasso di fecondità specifica per età della madre","Y40","40 anni","2005","2005",21.44,,
"IT","Italia","ASFR","tasso di fecondità specifica per età della madre","Y40","40 anni","2006","2006",22.71,,
"IT","Italia","ASFR","tasso di fecondità specifica per età della madre","Y40","40 anni","2007","2007",24.21,,
"IT","Italia","ASFR","tasso di fecondità specifica per età della madre","Y40","40 anni","2008","2008",25.52,,
"IT","Italia","ASFR","tasso di fecondità specifica per età della madre","Y40","40 anni","2009","2009",26.78,,
"IT","Italia","ASFR","tasso di fecondità specifica per età della madre","Y40","40 anni","2010","2010",27.39,,
"IT","Italia","ASFR","tasso di fecondità specifica per età della madre","Y40","40 anni","2011","2011",28.44,,
"IT","Italia","ASFR","tasso di fecondità specifica per età della madre","Y40","40 anni","2012","2012",29.34,,
"IT","Italia","ASFR","tasso di fecondità specifica per età della madre","Y40","40 anni","2013","2013",29.48,,
"IT","Italia","ASFR","tasso di fecondità specifica per età della madre","Y40","40 anni","2014","2014",29.69,,
"IT","Italia","ASFR","tasso di fecondità specifica per età della madre","Y40","40 anni","2015","2015",30.43,,
"IT","Italia","ASFR","tasso di fecondità specifica per età della madre","Y40","40 anni","2016","2016",30.91,,
"IT","Italia","ASFR","tasso di fecondità specifica per età della madre","Y40","40 anni","2017","2017",31.57,,
"IT","Italia","ASFR","tasso di fecondità specifica per età della madre","Y40","40 anni","2018","2018",31.01,,
"IT","Italia","ASFR","tasso di fecondità specifica per età della madre","Y40","40 anni","2019","2019",30.49,,
"IT","Italia","ASFR","tasso di fecondità specifica per età della madre","Y40","40 anni","2020","2020",30.57,,
"IT","Italia","ASFR","tasso di fecondità specifica per età della madre","Y40","40 anni","2021","2021",31.89,,
"IT","Italia","ASFR","tasso di fecondità specifica per età della madre","Y41","41 anni","2000","2000",10.27,,
"IT","Italia","ASFR","tasso di fecondità specifica per età della madre","Y41","41 anni","2001","2001",11.25,,
"IT","Italia","ASFR","tasso di fecondità specifica per età della madre","Y41","41 anni","2002","2002",11.32,,
"IT","Italia","ASFR","tasso di fecondità specifica per età della madre","Y41","41 anni","2003","2003",12.35,,
"IT","Italia","ASFR","tasso di fecondità specifica per età della madre","Y41","41 anni","2004","2004",13.11,,
"IT","Italia","ASFR","tasso di fecondità specifica per età della madre","Y41","41 anni","2005","2005",14.08,,
"IT","Italia","ASFR","tasso di fecondità specifica per età della madre","Y41","41 anni","2006","2006",14.91,,
"IT","Italia","ASFR","tasso di fecondità specifica per età della madre","Y41","41 anni","2007","2007",15.99,,
"IT","Italia","ASFR","tasso di fecondità specifica per età della madre","Y41","41 anni","2008","2008",17.27,,
"IT","Italia","ASFR","tasso di fecondità specifica per età della madre","Y41","41 anni","2009","2009",17.99,,
"IT","Italia","ASFR","tasso di fecondità specifica per età della madre","Y41","41 anni","2010","2010",18.97,,
"IT","Italia","ASFR","tasso di fecondità specifica per età della madre","Y41","41 anni","2011","2011",19.53,,
"IT","Italia","ASFR","tasso di fecondità specifica per età della madre","Y41","41 anni","2012","2012",19.95,,
"IT","Italia","ASFR","tasso di fecondità specifica per età della madre","Y41","41 anni","2013","2013",20.52,,
"IT","Italia","ASFR","tasso di fecondità specifica per età della madre","Y41","41 anni","2014","2014",20.6,,
"IT","Italia","ASFR","tasso di fecondità specifica per età della madre","Y41","41 anni","2015","2015",21.06,,
"IT","Italia","ASFR","tasso di fecondità specifica per età della madre","Y41","41 anni","2016","2016",21.28,,
"IT","Italia","ASFR","tasso di fecondità specifica per età della madre","Y41","41 anni","2017","2017",21.65,,
"IT","Italia","ASFR","tasso di fecondità specifica per età della madre","Y41","41 anni","2018","2018",22.26,,
"IT","Italia","ASFR","tasso di fecondità specifica per età della madre","Y41","41 anni","2019","2019",21.63,,
"IT","Italia","ASFR","tasso di fecondità specifica per età della madre","Y41","41 anni","2020","2020",21.22,,
"IT","Italia","ASFR","tasso di fecondità specifica per età della madre","Y41","41 anni","2021","2021",22.21,,
"IT","Italia","ASFR","tasso di fecondità specifica per età della madre","Y42","42 anni","2000","2000",6.27,,
"IT","Italia","ASFR","tasso di fecondità specifica per età della madre","Y42","42 anni","2001","2001",6.64,,
"IT","Italia","ASFR","tasso di fecondità specifica per età della madre","Y42","42 anni","2002","2002",6.82,,
"IT","Italia","ASFR","tasso di fecondità specifica per età della madre","Y42","42 anni","2003","2003",7.4,,
"IT","Italia","ASFR","tasso di fecondità specifica per età della madre","Y42","42 anni","2004","2004",8.03,,
"IT","Italia","ASFR","tasso di fecondità specifica per età della madre","Y42","42 anni","2005","2005",8.4,,
"IT","Italia","ASFR","tasso di fecondità specifica per età della madre","Y42","42 anni","2006","2006",9.03,,
"IT","Italia","ASFR","tasso di fecondità specifica per età della madre","Y42","42 anni","2007","2007",9.76,,
"IT","Italia","ASFR","tasso di fecondità specifica per età della madre","Y42","42 anni","2008","2008",10.57,,
"IT","Italia","ASFR","tasso di fecondità specifica per età della madre","Y42","42 anni","2009","2009",11.39,,
"IT","Italia","ASFR","tasso di fecondità specifica per età della madre","Y42","42 anni","2010","2010",11.63,,
"IT","Italia","ASFR","tasso di fecondità specifica per età della madre","Y42","42 anni","2011","2011",12.21,,
"IT","Italia","ASFR","tasso di fecondità specifica per età della madre","Y42","42 anni","2012","2012",12.47,,
"IT","Italia","ASFR","tasso di fecondità specifica per età della madre","Y42","42 anni","2013","2013",13.27,,
"IT","Italia","ASFR","tasso di fecondità specifica per età della madre","Y42","42 anni","2014","2014",13.33,,
"IT","Italia","ASFR","tasso di fecondità specifica per età della madre","Y42","42 anni","2015","2015",13.79,,
"IT","Italia","ASFR","tasso di fecondità specifica per età della madre","Y42","42 anni","2016","2016",14.27,,
"IT","Italia","ASFR","tasso di fecondità specifica per età della madre","Y42","42 anni","2017","2017",14.27,,
"IT","Italia","ASFR","tasso di fecondità specifica per età della madre","Y42","42 anni","2018","2018",14.43,,
"IT","Italia","ASFR","tasso di fecondità specifica per età della madre","Y42","42 anni","2019","2019",14.32,,
"IT","Italia","ASFR","tasso di fecondità specifica per età della madre","Y42","42 anni","2020","2020",14.2,,
"IT","Italia","ASFR","tasso di fecondità specifica per età della madre","Y42","42 anni","2021","2021",14.27,,
"IT","Italia","ASFR","tasso di fecondità specifica per età della madre","Y43","43 anni","2000","2000",3.6,,
"IT","Italia","ASFR","tasso di fecondità specifica per età della madre","Y43","43 anni","2001","2001",3.74,,
"IT","Italia","ASFR","tasso di fecondità specifica per età della madre","Y43","43 anni","2002","2002",3.84,,
"IT","Italia","ASFR","tasso di fecondità specifica per età della madre","Y43","43 anni","2003","2003",4.18,,
"IT","Italia","ASFR","tasso di fecondità specifica per età della madre","Y43","43 anni","2004","2004",4.36,,
"IT","Italia","ASFR","tasso di fecondità specifica per età della madre","Y43","43 anni","2005","2005",4.81,,
"IT","Italia","ASFR","tasso di fecondità specifica per età della madre","Y43","43 anni","2006","2006",5.22,,
"IT","Italia","ASFR","tasso di fecondità specifica per età della madre","Y43","43 anni","2007","2007",5.56,,
"IT","Italia","ASFR","tasso di fecondità specifica per età della madre","Y43","43 anni","2008","2008",5.72,,
"IT","Italia","ASFR","tasso di fecondità specifica per età della madre","Y43","43 anni","2009","2009",6.31,,
"IT","Italia","ASFR","tasso di fecondità specifica per età della madre","Y43","43 anni","2010","2010",6.64,,
"IT","Italia","ASFR","tasso di fecondità specifica per età della madre","Y43","43 anni","2011","2011",7.13,,
"IT","Italia","ASFR","tasso di fecondità specifica per età della madre","Y43","43 anni","2012","2012",7.5,,
"IT","Italia","ASFR","tasso di fecondità specifica per età della madre","Y43","43 anni","2013","2013",7.82,,
"IT","Italia","ASFR","tasso di fecondità specifica per età della madre","Y43","43 anni","2014","2014",7.88,,
"IT","Italia","ASFR","tasso di fecondità specifica per età della madre","Y43","43 anni","2015","2015",8.22,,
"IT","Italia","ASFR","tasso di fecondità specifica per età della madre","Y43","43 anni","2016","2016",8.82,,
"IT","Italia","ASFR","tasso di fecondità specifica per età della madre","Y43","43 anni","2017","2017",8.94,,
"IT","Italia","ASFR","tasso di fecondità specifica per età della madre","Y43","43 anni","2018","2018",8.89,,
"IT","Italia","ASFR","tasso di fecondità specifica per età della madre","Y43","43 anni","2019","2019",8.59,,
"IT","Italia","ASFR","tasso di fecondità specifica per età della madre","Y43","43 anni","2020","2020",8.76,,
"IT","Italia","ASFR","tasso di fecondità specifica per età della madre","Y43","43 anni","2021","2021",8.64,,
"IT","Italia","ASFR","tasso di fecondità specifica per età della madre","Y44","44 anni","2000","2000",1.93,,
"IT","Italia","ASFR","tasso di fecondità specifica per età della madre","Y44","44 anni","2001","2001",1.93,,
"IT","Italia","ASFR","tasso di fecondità specifica per età della madre","Y44","44 anni","2002","2002",1.94,,
"IT","Italia","ASFR","tasso di fecondità specifica per età della madre","Y44","44 anni","2003","2003",2.15,,
"IT","Italia","ASFR","tasso di fecondità specifica per età della madre","Y44","44 anni","2004","2004",2.2,,
"IT","Italia","ASFR","tasso di fecondità specifica per età della madre","Y44","44 anni","2005","2005",2.4,,
"IT","Italia","ASFR","tasso di fecondità specifica per età della madre","Y44","44 anni","2006","2006",2.65,,
"IT","Italia","ASFR","tasso di fecondità specifica per età della madre","Y44","44 anni","2007","2007",2.86,,
"IT","Italia","ASFR","tasso di fecondità specifica per età della madre","Y44","44 anni","2008","2008",3.15,,
"IT","Italia","ASFR","tasso di fecondità specifica per età della madre","Y44","44 anni","2009","2009",3.43,,
"IT","Italia","ASFR","tasso di fecondità specifica per età della madre","Y44","44 anni","2010","2010",3.77,,
"IT","Italia","ASFR","tasso di fecondità specifica per età della madre","Y44","44 anni","2011","2011",3.85,,
"IT","Italia","ASFR","tasso di fecondità specifica per età della madre","Y44","44 anni","2012","2012",4.22,,
"IT","Italia","ASFR","tasso di fecondità specifica per età della madre","Y44","44 anni","2013","2013",4.28,,
"IT","Italia","ASFR","tasso di fecondità specifica per età della madre","Y44","44 anni","2014","2014",4.71,,
"IT","Italia","ASFR","tasso di fecondità specifica per età della madre","Y44","44 anni","2015","2015",4.68,,
"IT","Italia","ASFR","tasso di fecondità specifica per età della madre","Y44","44 anni","2016","2016",4.77,,
"IT","Italia","ASFR","tasso di fecondità specifica per età della madre","Y44","44 anni","2017","2017",5.17,,
"IT","Italia","ASFR","tasso di fecondità specifica per età della madre","Y44","44 anni","2018","2018",5.46,,
"IT","Italia","ASFR","tasso di fecondità specifica per età della madre","Y44","44 anni","2019","2019",5.36,,
"IT","Italia","ASFR","tasso di fecondità specifica per età della madre","Y44","44 anni","2020","2020",5.1,,
"IT","Italia","ASFR","tasso di fecondità specifica per età della madre","Y44","44 anni","2021","2021",5.2,,
"IT","Italia","ASFR","tasso di fecondità specifica per età della madre","Y45","45 anni","2000","2000",0.83,,
"IT","Italia","ASFR","tasso di fecondità specifica per età della madre","Y45","45 anni","2001","2001",1.03,,
"IT","Italia","ASFR","tasso di fecondità specifica per età della madre","Y45","45 anni","2002","2002",1.01,,
"IT","Italia","ASFR","tasso di fecondità specifica per età della madre","Y45","45 anni","2003","2003",1.02,,
"IT","Italia","ASFR","tasso di fecondità specifica per età della madre","Y45","45 anni","2004","2004",1.06,,
"IT","Italia","ASFR","tasso di fecondità specifica per età della madre","Y45","45 anni","2005","2005",1.11,,
"IT","Italia","ASFR","tasso di fecondità specifica per età della madre","Y45","45 anni","2006","2006",1.26,,
"IT","Italia","ASFR","tasso di fecondità specifica per età della madre","Y45","45 anni","2007","2007",1.39,,
"IT","Italia","ASFR","tasso di fecondità specifica per età della madre","Y45","45 anni","2008","2008",1.63,,
"IT","Italia","ASFR","tasso di fecondità specifica per età della madre","Y45","45 anni","2009","2009",1.76,,
"IT","Italia","ASFR","tasso di fecondità specifica per età della madre","Y45","45 anni","2010","2010",1.93,,
"IT","Italia","ASFR","tasso di fecondità specifica per età della madre","Y45","45 anni","2011","2011",2.24,,
"IT","Italia","ASFR","tasso di fecondità specifica per età della madre","Y45","45 anni","2012","2012",2.33,,
"IT","Italia","ASFR","tasso di fecondità specifica per età della madre","Y45","45 anni","2013","2013",2.34,,
"IT","Italia","ASFR","tasso di fecondità specifica per età della madre","Y45","45 anni","2014","2014",2.58,,
"IT","Italia","ASFR","tasso di fecondità specifica per età della madre","Y45","45 anni","2015","2015",2.66,,
"IT","Italia","ASFR","tasso di fecondità specifica per età della madre","Y45","45 anni","2016","2016",2.94,,
"IT","Italia","ASFR","tasso di fecondità specifica per età della madre","Y45","45 anni","2017","2017",3.26,,
"IT","Italia","ASFR","tasso di fecondità specifica per età della madre","Y45","45 anni","2018","2018",3.09,,
"IT","Italia","ASFR","tasso di fecondità specifica per età della madre","Y45","45 anni","2019","2019",3.22,,
"IT","Italia","ASFR","tasso di fecondità specifica per età della madre","Y45","45 anni","2020","2020",3.02,,
"IT","Italia","ASFR","tasso di fecondità specifica per età della madre","Y45","45 anni","2021","2021",2.94,,
"IT","Italia","ASFR","tasso di fecondità specifica per età della madre","Y46","46 anni","2000","2000",0.46,,
"IT","Italia","ASFR","tasso di fecondità specifica per età della madre","Y46","46 anni","2001","2001",0.45,,
"IT","Italia","ASFR","tasso di fecondità specifica per età della madre","Y46","46 anni","2002","2002",0.34,,
"IT","Italia","ASFR","tasso di fecondità specifica per età della madre","Y46","46 anni","2003","2003",0.53,,
"IT","Italia","ASFR","tasso di fecondità specifica per età della madre","Y46","46 anni","2004","2004",0.51,,
"IT","Italia","ASFR","tasso di fecondità specifica per età della madre","Y46","46 anni","2005","2005",0.53,,
"IT","Italia","ASFR","tasso di fecondità specifica per età della madre","Y46","46 anni","2006","2006",0.63,,
"IT","Italia","ASFR","tasso di fecondità specifica per età della madre","Y46","46 anni","2007","2007",0.73,,
"IT","Italia","ASFR","tasso di fecondità specifica per età della madre","Y46","46 anni","2008","2008",0.79,,
"IT","Italia","ASFR","tasso di fecondità specifica per età della madre","Y46","46 anni","2009","2009",0.87,,
"IT","Italia","ASFR","tasso di fecondità specifica per età della madre","Y46","46 anni","2010","2010",0.99,,
"IT","Italia","ASFR","tasso di fecondità specifica per età della madre","Y46","46 anni","2011","2011",1.11,,
"IT","Italia","ASFR","tasso di fecondità specifica per età della madre","Y46","46 anni","2012","2012",1.34,,
"IT","Italia","ASFR","tasso di fecondità specifica per età della madre","Y46","46 anni","2013","2013",1.38,,
"IT","Italia","ASFR","tasso di fecondità specifica per età della madre","Y46","46 anni","2014","2014",1.51,,
"IT","Italia","ASFR","tasso di fecondità specifica per età della madre","Y46","46 anni","2015","2015",1.53,,
"IT","Italia","ASFR","tasso di fecondità specifica per età della madre","Y46","46 anni","2016","2016",1.74,,
"IT","Italia","ASFR","tasso di fecondità specifica per età della madre","Y46","46 anni","2017","2017",1.73,,
"IT","Italia","ASFR","tasso di fecondità specifica per età della madre","Y46","46 anni","2018","2018",2.04,,
"IT","Italia","ASFR","tasso di fecondità specifica per età della madre","Y46","46 anni","2019","2019",1.92,,
"IT","Italia","ASFR","tasso di fecondità specifica per età della madre","Y46","46 anni","2020","2020",1.92,,
"IT","Italia","ASFR","tasso di fecondità specifica per età della madre","Y46","46 anni","2021","2021",1.77,,
"IT","Italia","ASFR","tasso di fecondità specifica per età della madre","Y47","47 anni","2000","2000",0.21,,
"IT","Italia","ASFR","tasso di fecondità specifica per età della madre","Y47","47 anni","2001","2001",0.25,,
"IT","Italia","ASFR","tasso di fecondità specifica per età della madre","Y47","47 anni","2002","2002",0.15,,
"IT","Italia","ASFR","tasso di fecondità specifica per età della madre","Y47","47 anni","2003","2003",0.22,,
"IT","Italia","ASFR","tasso di fecondità specifica per età della madre","Y47","47 anni","2004","2004",0.24,,
"IT","Italia","ASFR","tasso di fecondità specifica per età della madre","Y47","47 anni","2005","2005",0.25,,
"IT","Italia","ASFR","tasso di fecondità specifica per età della madre","Y47","47 anni","2006","2006",0.26,,
"IT","Italia","ASFR","tasso di fecondità specifica per età della madre","Y47","47 anni","2007","2007",0.37,,
"IT","Italia","ASFR","tasso di fecondità specifica per età della madre","Y47","47 anni","2008","2008",0.38,,
"IT","Italia","ASFR","tasso di fecondità specifica per età della madre","Y47","47 anni","2009","2009",0.51,,
"IT","Italia","ASFR","tasso di fecondità specifica per età della madre","Y47","47 anni","2010","2010",0.55,,
"IT","Italia","ASFR","tasso di fecondità specifica per età della madre","Y47","47 anni","2011","2011",0.66,,
"IT","Italia","ASFR","tasso di fecondità specifica per età della madre","Y47","47 anni","2012","2012",0.74,,
"IT","Italia","ASFR","tasso di fecondità specifica per età della madre","Y47","47 anni","2013","2013",0.83,,
"IT","Italia","ASFR","tasso di fecondità specifica per età della madre","Y47","47 anni","2014","2014",0.9,,
"IT","Italia","ASFR","tasso di fecondità specifica per età della madre","Y47","47 anni","2015","2015",0.95,,
"IT","Italia","ASFR","tasso di fecondità specifica per età della madre","Y47","47 anni","2016","2016",0.93,,
"IT","Italia","ASFR","tasso di fecondità specifica per età della madre","Y47","47 anni","2017","2017",1.09,,
"IT","Italia","ASFR","tasso di fecondità specifica per età della madre","Y47","47 anni","2018","2018",1.17,,
"IT","Italia","ASFR","tasso di fecondità specifica per età della madre","Y47","47 anni","2019","2019",1.11,,
"IT","Italia","ASFR","tasso di fecondità specifica per età della madre","Y47","47 anni","2020","2020",1.1,,
"IT","Italia","ASFR","tasso di fecondità specifica per età della madre","Y47","47 anni","2021","2021",1.06,,
"IT","Italia","ASFR","tasso di fecondità specifica per età della madre","Y48","48 anni","2000","2000",0.15,,
"IT","Italia","ASFR","tasso di fecondità specifica per età della madre","Y48","48 anni","2001","2001",0.12,,
"IT","Italia","ASFR","tasso di fecondità specifica per età della madre","Y48","48 anni","2002","2002",0.12,,
"IT","Italia","ASFR","tasso di fecondità specifica per età della madre","Y48","48 anni","2003","2003",0.15,,
"IT","Italia","ASFR","tasso di fecondità specifica per età della madre","Y48","48 anni","2004","2004",0.15,,
"IT","Italia","ASFR","tasso di fecondità specifica per età della madre","Y48","48 anni","2005","2005",0.12,,
"IT","Italia","ASFR","tasso di fecondità specifica per età della madre","Y48","48 anni","2006","2006",0.16,,
"IT","Italia","ASFR","tasso di fecondità specifica per età della madre","Y48","48 anni","2007","2007",0.18,,
"IT","Italia","ASFR","tasso di fecondità specifica per età della madre","Y48","48 anni","2008","2008",0.23,,
"IT","Italia","ASFR","tasso di fecondità specifica per età della madre","Y48","48 anni","2009","2009",0.38,,
"IT","Italia","ASFR","tasso di fecondità specifica per età della madre","Y48","48 anni","2010","2010",0.29,,
"IT","Italia","ASFR","tasso di fecondità specifica per età della madre","Y48","48 anni","2011","2011",0.39,,
"IT","Italia","ASFR","tasso di fecondità specifica per età della madre","Y48","48 anni","2012","2012",0.43,,
"IT","Italia","ASFR","tasso di fecondità specifica per età della madre","Y48","48 anni","2013","2013",0.46,,
"IT","Italia","ASFR","tasso di fecondità specifica per età della madre","Y48","48 anni","2014","2014",0.45,,
"IT","Italia","ASFR","tasso di fecondità specifica per età della madre","Y48","48 anni","2015","2015",0.41,,
"IT","Italia","ASFR","tasso di fecondità specifica per età della madre","Y48","48 anni","2016","2016",0.59,,
"IT","Italia","ASFR","tasso di fecondità specifica per età della madre","Y48","48 anni","2017","2017",0.66,,
"IT","Italia","ASFR","tasso di fecondità specifica per età della madre","Y48","48 anni","2018","2018",0.62,,
"IT","Italia","ASFR","tasso di fecondità specifica per età della madre","Y48","48 anni","2019","2019",0.75,,
"IT","Italia","ASFR","tasso di fecondità specifica per età della madre","Y48","48 anni","2020","2020",0.76,,
"IT","Italia","ASFR","tasso di fecondità specifica per età della madre","Y48","48 anni","2021","2021",0.61,,
"IT","Italia","ASFR","tasso di fecondità specifica per età della madre","Y49","49 anni","2000","2000",0.09,,
"IT","Italia","ASFR","tasso di fecondità specifica per età della madre","Y49","49 anni","2001","2001",0.11,,
"IT","Italia","ASFR","tasso di fecondità specifica per età della madre","Y49","49 anni","2002","2002",0.07,,
"IT","Italia","ASFR","tasso di fecondità specifica per età della madre","Y49","49 anni","2003","2003",0.12,,
"IT","Italia","ASFR","tasso di fecondità specifica per età della madre","Y49","49 anni","2004","2004",0.08,,
"IT","Italia","ASFR","tasso di fecondità specifica per età della madre","Y49","49 anni","2005","2005",0.11,,
"IT","Italia","ASFR","tasso di fecondità specifica per età della madre","Y49","49 anni","2006","2006",0.11,,
"IT","Italia","ASFR","tasso di fecondità specifica per età della madre","Y49","49 anni","2007","2007",0.18,,
"IT","Italia","ASFR","tasso di fecondità specifica per età della madre","Y49","49 anni","2008","2008",0.15,,
"IT","Italia","ASFR","tasso di fecondità specifica per età della madre","Y49","49 anni","2009","2009",0.19,,
"IT","Italia","ASFR","tasso di fecondità specifica per età della madre","Y49","49 anni","2010","2010",0.19,,
"IT","Italia","ASFR","tasso di fecondità specifica per età della madre","Y49","49 anni","2011","2011",0.25,,
"IT","Italia","ASFR","tasso di fecondità specifica per età della madre","Y49","49 anni","2012","2012",0.29,,
"IT","Italia","ASFR","tasso di fecondità specifica per età della madre","Y49","49 anni","2013","2013",0.34,,
"IT","Italia","ASFR","tasso di fecondità specifica per età della madre","Y49","49 anni","2014","2014",0.34,,
"IT","Italia","ASFR","tasso di fecondità specifica per età della madre","Y49","49 anni","2015","2015",0.34,,
"IT","Italia","ASFR","tasso di fecondità specifica per età della madre","Y49","49 anni","2016","2016",0.36,,
"IT","Italia","ASFR","tasso di fecondità specifica per età della madre","Y49","49 anni","2017","2017",0.4,,
"IT","Italia","ASFR","tasso di fecondità specifica per età della madre","Y49","49 anni","2018","2018",0.43,,
"IT","Italia","ASFR","tasso di fecondità specifica per età della madre","Y49","49 anni","2019","2019",0.47,,
"IT","Italia","ASFR","tasso di fecondità specifica per età della madre","Y49","49 anni","2020","2020",0.43,,
"IT","Italia","ASFR","tasso di fecondità specifica per età della madre","Y49","49 anni","2021","2021",0.4,,
"IT","Italia","ASFR","tasso di fecondità specifica per età della madre","TOTAL","totale","2000","2000",1.26,,
"IT","Italia","ASFR","tasso di fecondità specifica per età della madre","TOTAL","totale","2001","2001",1.25,,
"IT","Italia","ASFR","tasso di fecondità specifica per età della madre","Y_GE50","50 anni e più","2000","2000",0.34,,
"IT","Italia","ASFR","tasso di fecondità specifica per età della madre","Y_GE50","50 anni e più","2001","2001",0.24,,
"IT","Italia","ASFR","tasso di fecondità specifica per età della madre","Y_GE50","50 anni e più","2002","2002",0.18,,
"IT","Italia","ASFR","tasso di fecondità specifica per età della madre","Y_GE50","50 anni e più","2003","2003",0.2,,
"IT","Italia","ASFR","tasso di fecondità specifica per età della madre","Y_GE50","50 anni e più","2004","2004",0.25,,
"IT","Italia","ASFR","tasso di fecondità specifica per età della madre","Y_GE50","50 anni e più","2005","2005",0.3,,
"IT","Italia","ASFR","tasso di fecondità specifica per età della madre","Y_GE50","50 anni e più","2006","2006",0.25,,
"IT","Italia","ASFR","tasso di fecondità specifica per età della madre","Y_GE50","50 anni e più","2007","2007",0.36,,
"IT","Italia","ASFR","tasso di fecondità specifica per età della madre","Y_GE50","50 anni e più","2008","2008",0.28,,
"IT","Italia","ASFR","tasso di fecondità specifica per età della madre","Y_GE50","50 anni e più","2009","2009",0.4,,
"IT","Italia","ASFR","tasso di fecondità specifica per età della madre","Y_GE50","50 anni e più","2010","2010",0.47,,
"IT","Italia","ASFR","tasso di fecondità specifica per età della madre","Y_GE50","50 anni e più","2011","2011",0.51,,
"IT","Italia","ASFR","tasso di fecondità specifica per età della madre","Y_GE50","50 anni e più","2012","2012",0.6,,
"IT","Italia","ASFR","tasso di fecondità specifica per età della madre","Y_GE50","50 anni e più","2013","2013",0.67,,
"IT","Italia","ASFR","tasso di fecondità specifica per età della madre","Y_GE50","50 anni e più","2014","2014",0.69,,
"IT","Italia","ASFR","tasso di fecondità specifica per età della madre","Y_GE50","50 anni e più","2015","2015",0.63,,
"IT","Italia","ASFR","tasso di fecondità specifica per età della madre","Y_GE50","50 anni e più","2016","2016",0.7,,
"IT","Italia","ASFR","tasso di fecondità specifica per età della madre","Y_GE50","50 anni e più","2017","2017",0.79,,
"IT","Italia","ASFR","tasso di fecondità specifica per età della madre","Y_GE50","50 anni e più","2018","2018",0.83,,
"IT","Italia","ASFR","tasso di fecondità specifica per età della madre","Y_GE50","50 anni e più","2019","2019",0.94,,
"IT","Italia","ASFR","tasso di fecondità specifica per età della madre","Y_GE50","50 anni e più","2020","2020",0.9,,
"IT","Italia","ASFR","tasso di fecondità specifica per età della madre","Y_GE50","50 anni e più","2021","2021",0.85,,
